haplotype_id,representative_sequence,sequence_count,frequency
Hap_001,AACATTATACTTTATTTTTGGTATTTGAGCAGGAATAATTGGAACATCTTTAAGTTTATTAATTCGAGCAGAATTAGGTAATCCAGGGTCTTTAATTGGGGATGACCAAATTTATAACACTATTGTAACAGCTCATGCTTTTATTATAATTTTTTTTATAGTTATACCAATTATAATTGGGGGATTTGGAAATTGATTAGTACCATTAATATTAGGTGCTCCAGATATAGCTTTCCCTCGAATAAATAACATAAGATTTTGACTTTTACCCCCATCTATTACACTTTTAATTTCAAGAAGAATTGTAGAAAGTGGAGCAGGAACTGGATGAACTGTTTACCCCCCATTATCTTCTAATATTGCCCACGGCGGAAGCTCTGTAGATTTGGCAATTTTTTCTCTTCATTTAGCTGGAATTTCTTCAATTTTAGGAGCAATTAATTTTATTACAACAATTATTAATATACGATTAAATAAACTATCATTTGATCAAATACCATTATTTGTTTGAGCTGTAGGAATTACAGCGTTTTTACTCTTATTATCTTTACCAGTATTAGCTGGAGCTATTACAATACTATTAACTGATCGAAATTTAAATACATCATTTTTTGACCCTGCTGGAGGAGGAGATCCAATTTTATATCAACATTTATTT,1,0.014705882352941176
Hap_002,AACATTATACTTTATTTTTGGTATTTGAGCAGGAATAATTGGAACATCTTTAAGTTTATTAATTCGAGCAGAATTAGGTAATCCAGGGTCTTTAATTGGGGATGACCAAATTTATAACACTATTGTAACAGCTCATGCTTTTATTATAATTTTTTTTATAGTTATACCAATTATAATTGGGGGATTTGGAAATTGATTAGTACCATTAATATTAGGTGCTCCAGATATAGCTTTCCCTCGAATAAATAACATAAGATTTTGACTTTTACCCCCATCTATTACACTTTTAATTTCAAGAAGAATTGTAGAAAGTGGAGCAGGAACTGGATGAACTGTTTACCCCCCATTATCTTCTAATATTGCCCACGGCGGAAGCTCTGTAGATTTGGCAATTTTTTCTCTTCATTTAGCTGGAATTTCTTCAATTTTAGGAGCAATTAATTTTATTACAACAATTATTAATATACGATTAAATAAACTATCATTTGATCAAATACCATTATTTGTTTGAGCTGTAGGAATTACAGCGTTTTTACTCTTATTATCTTTACCAGTATTAGCTGGAGCTATTACAATACTATTA,1,0.014705882352941176
Hap_003,AACATTATACTTTATTTTTGGTATTTGAGCAGGAATAATTGGAACATCTTTAAGTTTATTAATTCGAGCAGAATTAGGTAATCCAGGGTCTTTAATTGGGGATGACCAAATTTATAACACTATTGTAACAGCTCATGCTTTTATTATAATTTTTTTTATAGTTATACCAATTATAATTGGGGGATTTGGAAATTGATTAGTACCATTAATATTAGGTGCTCCAGATATAGCTTTCCCTCGAATAAATAACATAAGATTTTGACTTTTACCCCCATCTATTACACTTTTAATTTCAAGAAGAATTGTAGAAAGTGGAGCAGGAACTGGATGAACTGTTTACCCCCCATTATCTTCTAATATTGCCCACGGCGGAAGCTCTGTAGATTTAGCAATTTTTTCTCTTCATTTAGCTGGAATTTCTTCAATTTTAGGAGCAATTAATTTTATTACAACAATTATTAATATACGATTAAATAAACTATCATTTGATCAAATACCATTATTTGTTTGAGCTGTAGGAATTACAGCGTTTTTACTCTTATTATCTTTACCAGTATTAGCTGGAGCTATTACAATACTATTAACTGATCGAAATTTAAATACATCATTTTTTGACCCTGCTGGAGGAGGAGATCCAATTTTATATCAACATTTATTT,1,0.014705882352941176
Hap_004,ACATTATACTTTATTTTTGGTATTTGAGCAGGAATAATTGGAACATCTTTAAGTTTATTAATTCGAGCAGAATTAGGTAATCCAGGATCTTTAATTGGAGATGATCAAATTTATAACACTATTGTAACAGCTCATGCTTTTATTATAATTTTTTTTATAGTTATACCAATTATAATTGGGGGATTTGGAAATTGATTAGTACCATTAATATTAGGTGCTCCAGATATAGCTTTCCCTCGAATAAATAACATAAGATTTTGACTTTTACCCCCATCTATTACACTTTTAATTTCAAGAAGAATTGTAGAAAGTGGAGCAGGAACTGGATGAACTGTTTATCCCCCATTATCTTCTAATATTGCCCACGGCGGAAGCTCTGTAGATTTGGCAATTTTTTCTCTTCATTTAGCTGGAATTTCTTCAATTTTAGGAGCAATTAATTTTATTACAACAATTATTAACATACGATTAAATAAACTATCATTTGATCAAATACCATTATTTGTTTGAGCTGTAGGAATTACAGCATTTTTACTCTTATTATCTTTA,1,0.014705882352941176
Hap_005,AATTCGAGCAGAATTAGGTAACCCAGGATCTTTAATTGGAGATGATCAAATTTATAACACTATTGTAACAGCTCATGCTTTTATTATAATTTTTTTTATAGTTATACCAATTATAATTGGAGGATTTGGAAATTGATTAGTACCATTAATACTAGGTGCTCCAGATATGGCTTTCCCTCGAATAAACAACATAAGATTTTGACTTTTACCCCCATCTATTACACTTTTAATTTCAAGAAGAATTGTAGAAAGTGGAGCAGGAACTGGATGAACTGTTTACCCTCCCTTATCTTCTAATATTGCTCATGGCGGAAGCTCTGTAGATTTAGCAATTTTTTCTCTTCATTTAGCTGGAATTTCTTCAATTTTAGGAGCAATTAATTTTATTACAACAATTATTAACATACGATTAAATAAATTATCATTTGATCAAATACCATTATTTGTTTGAGCTGTAGGAATTACAGCATTTTTACTCTTATTATCTTTACCAGTATTAGCTGGAGCTATTACTATATTATTAACTGATCGAAATTTAAA,1,0.014705882352941176
Hap_006,CTTTACTTTTATTTTTGGTATTTGAGCAGGATAGTTGGAACATCTTTAAGTTTATTAATTCGGGCAGAATTAGGTAATCCAGGATCTTTAATTGGAGACGATCAAATTTATAACACTATTGTAACAGCTCATGCTTTTATTATAATTTTTTTTATAGTTATACCAATTATAATTGGGGGGTTTGGAAATTGATTAGTACCATTAATATTGGGTGCCCCAGATATAGCTTTCCCTCGAATAAATAACATAAGATTTTGACTTTTACCCCCATCTATTACACTTTTAATTTCAAGAAGAATTGTAGAAAGTGGAGCAGGAACTGGATGAACTGTTTACCCCCCATTATCTTCTAATATTGCTCACGGCGGAAGCTCTGTAGACTTAGCAATTTTTTCTCTTCATTTAGCTGGAATTTCTTCAATTTTAGGAGCAATTAATTTTATTACAACAATTATTAACATACGATTAAATAAAATATCATTTGATCAAATACCATTATTTGTTTGAGCTGTAGGAATTACAGCATTTTTACTATTATTATCTTTACCAGTATTAGCTGGAGCTATTACAATATTATTAACTGATCGAAATTTAAATACATCATTTTTTGACCCTGCTGGAGGAGGAGATCCAATTTTATATCAACATTTATTTTGATTTTTTGGTCACCTTGAAAGTTTA,1,0.014705882352941176
Hap_007,TTTCCTTTAATTTTTGGTATTTGAGCAGGAATAGTTGGAACATCTTTAAGTTTATTAATTCGGGCAGAATTAGGTAATCCAGGATCTTTAATTGGAGACGATCAAATTTATAACACTATTGTAACAGCTCATGCTTTTATTATAATTTTTTTTATAGTTATACCAATTATAATTGGGGGGTTTGGAAATTGATTAGTACCATTAATATTGGGTGCCCCAGATATAGCTTTCCCTCGAATAAATAACATAAGATTTTGACTTTTACCCCCATCTATTACACTTTTAATTTCAAGAAGAATTGTAGAAAGTGGAGCAGGAACTGGATGAACTGTTTACCCCCCATTATCTTCTAATATTGCTCACGGCGGAAGCTCTGTAGACTTAGCAATTTTTTCTCTTCATTTAGCTGGAATTTCTTCAATTTTAGGAGCAATTAATTTTATTACAACAATTATTAACATACGATTAAATAAAATATCATTTGATCAAATACCATTATTTGTTTGAGCTGTAGGAATTACAGCATTTTTACTATTATTATCTTTACCAGTATTAGCTGGAGCTATTACAATATTATTAACTGATCGAAATTTAAATACATCATTTTTTGACCCTGCTGGAGGAGGAGACCCAATTTTATATCAACATTTATTTTGATTTTTTGGTCACCCGGGAAGTTTA,1,0.014705882352941176
Hap_008,CTTTCTTTATTTTTTGGTATTTGAGCAGGAATAGTTGGAACATCTTTAAGTTTATTAATTCGGGCAGAATTAGGTAATCCAGGATCTTTAATTGGAGACGATCAAATTTATAACACTATTGTAACAGCTCATGCTTTTATTATAATTTTTTTTATAGTTATACCAATTATAATTGGGGGATTTGGAAATTGATTAGTACCATTAATATTGGGTGCCCCAGATATAGCTTTCCCTCGAATAAATAACATAAGATTTTGACTTTTACCCCCATCTATTACACTTTTAATTTCAAGAAGAATTGTAGAAAGTGGAGCAGGAACTGGATGAACTGTTTACCCCCCATTATCTTCTAATATTGCTCACGGCGGAAGCTCTGTAGACTTAGCAATTTTTTCTCTTCATTTAGCTGGAATTTCTTCAATTTTAGGAGCAATTAATTTTATTACAACAATTATTAACATACGATTAAATAAAATATCATTTGATCAAATACCATTATTTGTTTGAGCTGTAGGAATTACAGCATTTTTACTATTATTATCTTTACCAGTATTAGCTGGAGCTATTACAATATTATTAACTGATCGAAATTTAAATACATCATTTTTTGACCCTGCTGGAGGAGGAGATCCAATTTTATATCAACATTTATTTTGATTTTTTGGTCACCTGGAAAGTTTA,1,0.014705882352941176
Hap_009,CTTTACTTTATTTTTGGTATTTGAGCAGGAATAGTTGGAACATCTTTAAGTTTATTAATTCGGGCAGAATTAGGTAATCCAGGATCTTTAATTGGAGACGATCAAATTTATAACACTATTGTAACAGCTCATGCTTTTATTATAATTTTTTTTATAGTTATACCAATTATAATTGGGGGGTTTGGAAATTGATTAGTACCATTAATATTGGGTGCCCCAGATATAGCTTTCCCTCGAATAAATAACATAAGATTTTGACTTTTACCCCCATCTATTACACTTTTAATTTCAAGAAGAATTGTAGAAAGTGGAGCAGGAACTGGATGAACTGTTTACCCCCCATTATCTTCTAATATTGCTCACGGCGGAAGCTCTGTAGACTTAGCAATTTTTTCTCTTCATTTAGCTGGAATTTCTTCAATTTTAGGAGCAATTAATTTTATTACAACAATTATTAACATACGATTAAATAAAATATCATTTGATCAAATACCATTATTTGTTTGAGCTGTAGGAATTACAGCATTTTTACTATTATTATCTTTACCAGTATTAGCTGGAGCTATTACAATATTATTAACTGATCGAAATTTAAATACATCATTTTTTGACCCTGCTGGAGGAGGAGATCCAATTTTATATCAACATTTATTTTGATTTTTTGGTCAC,1,0.014705882352941176
Hap_010,CCCTTTTATTTTGGTATTTGAGCAGGAATAGTTGGAACATCTTTAAGTTTATTAATTCGGGCAGAATTAGGTAATCCAGGATCTTTAATTGGAGACGATCAAATTTATAACACTATTGTAACAGCTCATGCTTTTATTATAATTTTTTTTATAGTTATACCAATTATAATTGGGGGGTTTGGAAATTGATTAGTACCATTAATATTGGGTGCCCCAGATATAGCTTTCCCTCGAATAAATAACATAAGATTTTGACTTTTACCCCCATCTATTACACTTTTAATTTCAAGAAGAATTGTAGAAAGTGGAGCAGGAACTGGATGAACTGTTTACCCCCCATTATCTTCTAATATTGCTCACGGCGGAAGCTCTGTAGACTTAGCAATTTTTTCTCTTCATTTAGCTGGAATTTCTTCAATTTTAGGAGCAATTAATTTTATTACAACAATTATTAACATACGATTAAATAAAATATCATTTGATCAAATACCATTATTTGTTTGAGCTGTAGGAATTACAGCATTTTTACTATTATTATCTTTACCAGTATTAGCTGGAGCTATTACAATATTATTAACTGATCGAAATTTAAATACATCATTTTTTGACCCTGCTGGAGGAGGAGATCCAATTTTATATCAACATTTATTTTGATTTTTTGGTCACCCA,1,0.014705882352941176
Hap_011,GCCCTGGACTGACTCGAGGCAAGGATGGATGGAACATCTTTAAGTTTATTAATTCGGGCAGAATTAGGTAATCCAGGATCTTTAATTGGAGACGATCAAATTTATAACACTATTGTAACAGCTCATGCTTTTATTATAATTTTTTTTATAGTTATACCAATTATAATTGGGGGGTTTGGAAATTGATTAGTACCATTAATATTGGGTGCCCCAGATATAGCTTTCCCTCGAATAAATAACATAAGATTTTGACTTTTACCCCCATCTATTACACTTTTAATTTCAAGAAGAATTGTAGAAAGTGGAGCAGGAACTGGATGAACTGTTTACCCCCCATTATCTTCTAATATTGCTCACGGCGGAAGCTCTGTAGACTTAGCAATTTTTTCTCTTCATTTAGCTGGAATTTCTTCAATTTTAGGAGCAATTAATTTTATTACAACAATTATTAACATACGATTAAATAAAATATCATTTGATCAAATACCATTATTTGTTTGAGCTGTAGGAATTACAGCATTTTTACTATTATTATCTTTACCAGTATTAGCTGGAGCTATTACAATATTATTAACTGATCGAAATTTAAATACATCATTTTTTGACCCTGCTGGAGGAGGAGATCCAATTTTATATCAACATTTATTTTGATTTTTTGGTCACCCTGGAAGTTTA,1,0.014705882352941176
Hap_012,TCCTTTATTTTTGGTATTTGAGCAGGAATAGTTGGAACATCTTTAAGTTTATTAATTCGGGCAGAATTAGGTAATCCAGGATCTTTAATTGGAGACGATCAAATTTATAACACTATTGTAACAGCTCATGCTTTTATTATAATTTTTTTTATAGTTATACCAATTATAATTGGGGGGTTTGGAAATTGATTAGTACCATTAATATTGGGTGCCCCAGATATAGCTTTCCCTCGAATAAATAACATAAGATTTTGACTTTTACCCCCATCTATTACACTTTTAATTTCAAGAAGAATTGTAGAAAGTGGAGCAGGAACTGGATGAACTGTTTACCCCCCATTATCTTCTAATATTGCTCACGGCGGAAGCTCTGTAGACTTAGCAATTTTTTCTCTTCATTTAGCTGGAATTTCTTCAATTTTAGGAGCAATTAATTTTATTACAACAATTATTAACATACGATTAAATAAAATATCATTTGATCAAATACCATTATTTGTTTGAGCTGTAGGAATTACAGCATTTTTACTATTATTATCTTTACCAGTATTAGCTGGAGCTATTACAATATTATTAACTGATCGAAATTTAAATACATCATTTTTTGACCCTGCTGGAGGAGGAGATCCAATTTTATATCAACATTTATTTTGATTTTTTGGTCACTGGGAAGTTTTTAAA,1,0.014705882352941176
Hap_013,AACCTTTATTTTTGGTATTTGAGCAGGATAGTTGGAACATCTTTAAGTTTATTAATTCGGGCAGAATTAGGTAATCCAGGATCTTTAATTGGAGACGATCAAATTTATAACACTATTGTAACAGCTCATGCTTTTATTATAATTTTTTTTATAGTTATACCAATTATAATTGGGGGGTTTGGAAATTGATTAGTACCATTAATATTGGGTGCCCCAGATATAGCTTTCCCTCGAATAAATAACATAAGATTTTGACTTTTACCCCCATCTATTACACTTTTAATTTCAAGAAGAATTGTAGAAAGTGGAGCAGGAACTGGATGAACTGTTTACCCCCCATTATCTTCTAATATTGCTCACGGCGGAAGCTCTGTAGACTTAGCAATTTTTTCTCTTCATTTAGCTGGAATTTCTTCAATTTTAGGAGCAATTAATTTTATTACAACAATTATTAACATACGATTAAATAAAATATCATTTGATCAAATACCATTATTTGTTTGAGCTGTAGGAATTACAGCATTTTTACTATTATTATCTTTACCAGTATTAGCTGGAGCTATTACAATATTATTAACTGATCGAAATTTAAATACATCATTTTTTGACCCTGCTGGAGGAGGAGATCCAATTTTATATCAACATTTATTTTGATTTTTTGGTCACCCA,1,0.014705882352941176
Hap_014,GTTTGTAGGTATTTGAGCAGGATAGTTGGAACATCTTTAAGTTTATTAATTCGGGCAGAATTAGGTAATCCAGGATCTTTAATTGGAGACGAACAAATTTATAACACTATTGTAACAGCTCATGCTTTTATTATAATTTTTTTTATAGTTATACCAATTATAATTGGGGGATTTGGAAATTGATTAGTACCATTAATATTGGGTGCCCCAGATATAGCTTTCCCTCGAATAAATAACATAAGATTTTGACTTTTACCCCCATCTATTACACTTTTAATTTCAAGAAGAATTGTAGAAAGTGGAGCAGGAACTGGATGAACTGTTTACCCCCCATTATCTTCTAATATTGCTCACGGCGGAAGCTCTGTAGACTTAGCAATTTTTTCTCTTCATTTAGCTGGAATTTCTTCAATTTTAGGAGCAATTAATTTTATTACAACAATTATTAACATACGATTAAATAAAATATCATTTGATCAAATACCATTATTTGTTTGAGCTGTAGGAATTACAGCATTTTTACTATTATTATCTTTACCAGTATTAGCTGGAGCTATTACAATATTATTAACTGATCGAAATTTAAATACATCATTTTTTGACCCTGCTGGAGGAGGAGATCCAATTTTATATCAACATTTATTTTGATTTTTTGGTCAC,1,0.014705882352941176
Hap_015,CGGTGGGATTTGAGCAGGATAGTTGGAACATCTTTAAGTTTATTAATTCGGGCAGAATTAGGTAATCCAGGATCTTTAATTGGAGACGATCAAATTTATAACACTATTGTAACAGCTCATGCTTTTATTATAATTTTTTTTATAGTTATACCAATTATAATTGGGGGGTTTGGAAATTGATTAGTACCATTAATATTGGGTGCCCCAGATATAGCTTTCCCTCGAATAAATAACATAAGATTTTGACTTTTACCCCCATCTATTACACTTTTAATTTCAAGAAGAATTGTAGAAAGTGGAGCAGGAACTGGATGAACTGTTTACCCCCCATTATCTTCTAATATTGCTCACGGCGGAAGCTCTGTAGACTTAGCAATTTTTTCTCTTCATTTAGCTGGAATTTCTTCAATTTTAGGAGCAATTAATTTTATTACAACAATTATTAACATACGATTAAATAAAATATCATTTGATCAAATACCATTATTTGTTTGAGCTGTAGGAATTACAGCATTTTTACTATTATTATCTTTACCAGTATTAGCTGGAGCTATTACAATATTATTAACTGATCGAAATTTAAATACATCATTTTTTGACCCTGCTGGAGGAGGAGATCCAATTTTATATCAACATTTATTTTGATTTTTTGGTCACCCA,1,0.014705882352941176
Hap_016,TTTTTGGGTATTTGAGCAGGAATAGTTGGAACATCTTTAAGTTTATTAATTCGGGCAGAATTAGGTAATCCAGGATCTTTAATTGGAGACGATCAAATTTATAACACTATTGTAACAGCTCATGCTTTTATTATAATTTTTTTTATAGTTATACCAATTATAATTGGAGGGTTTGGAAATTGATTAGTACCATTAATATTGGGTGCCCCAGATATAGCTTTCCCTCGAATAAATAACATAAGATTTTGACTTTTACCCCCATCTATTACACTTTTAATTTCAAGAAGAATTGTAGAAAGTGGAGCAGGAACTGGATGAACTGTTTACCCCCCATTATCTTCTAATATTGCTCACGGCGGAAGCTCTGTAGACTTAGCAATTTTTTCTCTTCATTTAGCTGGAATTTCTTCAATTTTAGGAGCAATTAATTTTATTACAACAATTATTAACATACGATTAAATAAAATATCATTTGATCAAATACCATTATTTGTTTGAGCTGTAGGAATTACAGCATTTTTACTATTATTATCTTTACCAGTATTAGCTGGAGCTATTACAATATTATTAACTGATCGAAATTTAAATACATCATTTTTTGACCCTGCTGGAGGAGGAGATCCAATTTTATATCAACATTTATTTTGATTTTTTGGTCACCCGGAAAGTTTAAAA,1,0.014705882352941176
Hap_017,ACCTTTATTTTTGGTATTTGAGCAGGAATAGTTGGAACATCTTTAAGTTTATTAATTCGAGCAGAATTAGGTAATCCAGGATCTTTAATTGGAGACGATCAAATTTATAACACTATTGTAACAGCTCATGCTTTTATTATAATTTTTTTTATAGTTATACCAATTATAATTGGGGGGTTTGGAAATTGATTAGTACCATTAATATTGGGTGCCCCAGATATAGCTTTCCCTCGAATAAATAACATAAGATTTTGACTTTTACCCCCATCTATTACACTTTTAATTTCAAGAAGAATTGTAGAAAGTGGAGCAGGAACTGGATGAACTGTTTACCCCCCATTATCTTCTAATATTGCTCACGGCGGAAGCTCTGTAGACTTAGCAATTTTTTCTCTTCATTTAGCTGGAATTTCTTCAATTTTAGGAGCAATTAATTTTATTACAACAATTATTAACATACGATTAAATAAAATATCATTTGATCAAATACCATTATTTGTTTGAGCTGTAGGAATTACAGCATTTTTACTATTATTATCTTTACCAGTATTAGCTGGAGCTATTACAATATTATTAACTGATCGAAATTTAAATACATCATTTTTTGACCCTGCTGGAGGAGGAGATCCAATTTTATATCAACATTTATTTTGATTTTTTGGTCACCCAAAA,1,0.014705882352941176
Hap_018,GTTTTTTGGGTATTTCGAGCAGGAATAGTTGGAACATCTTTAAGTTTATTAATTCGGGCAGAATTAGGTAATCCAGGATCTTTAATTGGAGACGATCAAATTTATAACACTATTGTAACAGCTCATGCTTTTATTATAATTTTTTTTATAGTTATACCAATTATAATTGGGGGGTTTGGAAATTGATTAGTACCATTAATATTGGGTGCCCCAGATATAGCTTTCCCTCGAATAAATAACATAAGATTTTGACTTTTACCCCCATCTATTACACTTTTAATTTCAAGAAGAATTGTAGAAAGTGGAGCAGGAACTGGATGAACTGTTTACCCCCCATTATCTTCTAATATTGCTCACGGCGGAAGCTCTGTAGACTTAGCAATTTTTTCTCTTCATTTAGCTGGAATTTCTTCAATTTTAGGAGCAATTAATTTTATTACAACAATTATTAACATACGATTAAATAAAATATCATTTGATCAAATACCATTATTTGTTTGAGCTGTAGGAATTACAGCATTTTTACTATTATTATCTTTACCAGTATTAGCTGGAGCTATTACAATATTATTAACTGATCGAAATTTAAATACATCATTTTTTGACCCTGCTGGAGGAGGAGATCCAATTTTATATCAACATTTATTTTGATTTTTTGGTCAC,1,0.014705882352941176
Hap_019,AGCTTTAGTTTTGGTATTTGAGCAGGAATAGTTGGAACATCTTTAAGTTTATTAATTCGGGCAGAATTAGGTAATCCAGGATCTTTAATTGGAGACGATCAAATTTATAACACTATTGTAACAGCTCATGCTTTTATTATAATTTTTTTTATAGTTATACCAATTATAATTGGGGGGTTTGGAAATTGATTAGTACCATTAATATTGGGTGCCCCAGATATAGCTTTCCCTCGAATAAATAACATAAGATTTTGACTTTTACCCCCATCTATTACACTTTTAATTTCAAGAAGAATTGTAGAAAGTGGAGCAGGAACTGGATGAACTGTTTACCCCCCATTATCTTCTAATATTGCTCACGGCGGAAGCTCTGTAGACTTAGCAATTTTTTCTCTTCATTTAGCTGGAATTTCTTCAATTTTAGGAGCAATTAATTTTATTACAACAATTATTAACATACGATTAAATAAAATATCATTTGATCAAATACCATTATTTGTTTGAGCTGTAGGAATTACAGCATTTTTACTATTATTATCTTTACCAGTATTAGCTGGAGCTATTACAATATTATTAACTGATCGAAATTTAAATACATCATTTTTTGACCCTGCTGGAGGAGGAGATCCAATTTTATATCAACATTTATTTTGATTTTTTGGTCCC,1,0.014705882352941176
Hap_020,ATTTTAGGTATTTGAGCAGGAATAGTTGGAACATCTTTAAGTTTATTAATTCGGGCAGAATTAGGTAATCCAGGATCTTTAATTGGAGACGATCAAATTTATAACACTATTGTAACAGCTCATGCTTTTATTATAATTTTTTTTATAGTTATACCAATTATAATTGGGGGGTTTGGAAATTGATTAGTACCATTAATATTGGGTGCCCCAGATATAGCTTTCCCTCGAATAAATAACATAAGATTTTGACTTTTACCCCCATCTATTACACTTTTAATTTCAAGAAGAATTGTAGAAAGTGGAGCAGGAACTGGATGAACTGTTTACCCCCCATTATCTTCTAATATTGCTCACGGCGGAAGCTCTGTAGACTTAGCAATTTTTTCTCTTCATTTAGCTGGAATTTCTTCAATTTTAGGAGCAATTAATTTTATTACAACAATTATTAACATACGATTAAATAAAATATCATTTGATCAAATACCATTATTTGTTTGAGCTGTAGGAATTACAGCATTTTTACTATTATTATCTTTACCAGTATTAGCTGGAGCTATTACAATATTATTAACTGATCGAAATTTAAATACATCATTTTTTGACCCTGCTGGAGGAGGAGATCCAATTTTATATCAACATTTATTTTGATTTTTTGGTCACCTGGAAAGTTTT,1,0.014705882352941176
Hap_021,TTCCTTTTATTTTTTGGTATTTGAGCAGGAATAGTTGGAACATCTTTAAGTTTATTAATTCGGGCAGAATTAGGTAATCCAGGATCTTTAATTGGAGACGATCAAATTTATAACACTATTGTAACAGCTCATGCTTTTATTATAATTTTTTTTATAGTTATACCAATTATAATTGGGGGGTTTGGAAATTGATTAGTACCATTAATATTGGGTGCCCCAGATATAGCTTTCCCTCGAATAAATAACATAAGATTTTGACTTTTACCCCCATCTATTACACTTTTAATTTCAAGAAGAATTGTAGAAAGTGGAGCAGGAACTGGATGAACTGTTTACCCCCCATTATCTTCTAATATTGCTCACGGCGGAAGCTCTGTAGACTTAGCAATTTTTTCTCTTCATTTAGCTGGAATTTCTTCAATTTTAGGAGCAATTAATTTTATTACAACAATTATTAACATACGATTAAATAAAATATCATTTGATCAAATACCATTATTTGTTTGAGCTGTAGGAATTACAGCATTTTTACTATTATTATCTTTACCAGTATTAGCTGGAGCTATTACAATATTATTAACTGATCGAAATTTAAATACATCATTTTTTGACCCTGCTGGAGGAGGAGATCCAATTTTATATCAACATTTATTTTGATTTTTTGGTCACCTGGAAAGTTTAAAA,1,0.014705882352941176
Hap_022,CCTTTTATTTTTGGTATTTGAGCAGGAATAGTTGGAACATCTTTAAGTTTATTAATTCGGGCAGAATTAGGTAATCCAGGATCTTTAATTGGAGACGATCAAATTTATAACACTATTGTAACAGCTCATGCTTTTATTATAATTTTTTTTATAGTTATACCAATTATAATTGGGGGGTTTGGAAATTGATTAGTACCATTAATATTGGGTGCCCCAGATATAGCTTTCCCTCGAATAAATAACATAAGATTTTGACTTTTACCCCCATCTATTACACTTTTAATTTCAAGAAGAATTGTAGAAAGTGGAGCAGGAACTGGATGAACTGTTTACCCCCCATTATCTTCTAATATTGCTCACGGCGGAAGCTCTGTAGACTTAGCAATTTTTTCTCTTCATTTAGCTGGAATTTCTTCAATTTTAGGAGCAATTAATTTTATTACAACAATTATTAACATACGATTAAATAAAATATCATTTGATCAAATACCATTATTTGTTTGAGCTGTAGGAATTACAGCATTTTTACTATTATTATCTTTACCAGTATTAGCTGGAGCTATTACAATATTATTAACTGATCGAAATTTAAATACATCATTTTTTGACCCTGCTGGAGGAGGAGATCCAATTTTATATCAACATTTATTTTGATTTTTTGGTCACCCTGAAAGTTTAAAA,1,0.014705882352941176
Hap_023,CATTTATTTTTTGGTATTTGAGCAGGAATAGTTGGAACATCTTTAAGTTTATTAATTCGGGCAGAATTAGGTAATCCAGGATCTTTAATTGGAGACGATCAAATTTATAACACTATTGTAACAGCTCATGCTTTTATTATAATTTTTTTTATAGTTATACCAATTATAATTGGGGGGTTTGGAAATTGATTAGTACCATTAATATTGGGTGCCCCAGATATAGCTTTCCCTCGAATAAATAACATAAGATTTTGACTTTTACCCCCATCTATTACACTTTTAATTTCAAGAAGAATTGTAGAAAGTGGAGCAGGAACTGGATGAACTGTTTACCCCCCATTATCTTCTAATATTGCTCACGGCGGAAGCTCTGTAGACTTAGCAATTTTTTCTCTTCATTTAGCTGGAATTTCTTCAATTTTAGGAGCAATTAATTTTATTACAACAATTATTAACATACGATTAAATAAAATATCATTTGATCAAATACCATTATTTGTTTGAGCTGTAGGAATTACAGCATTTTTACTATTATTATCTTTACCAGTATTAGCTGGAGCTATTACAATATTATTAACTGATCGAAATTTAAATACATCATTTTTTGACCCTGCTGGAGGAGGAGATCCAATTTTATATCAACATTTATTTTGATTTTTTGGTCACCCTGGAAGTTTAAAA,1,0.014705882352941176
Hap_024,AGCAGGATAGTTGGAACATCTTTAAGTTTATTAATTCGGGCAGAATTAGGTAATCCAGGATCTTTAATTGGAGACGATCAAATTTATAACACTATTGTAACAGCTCATGCTTTTATTATAATTTTTTTTATAGTTATACCAATTATAATTGGGGGGTTTGGAAATTGATTAGTACCATTAATATTGGGTGCCCCAGATATAGCTTTCCCTCGAATAAATAACATAAGATTTTGACTTTTACCCCCATCTATTACACTTTTAATTTCAAGAAGAATTGTAGAAAGTGGAGCAGGAACTGGATGAACTGTTTACCCCCCATTATCTTCTAATATTGCTCACGGCGGAAGCTCTGTAGACTTAGCAATTTTTTCTCTTCATTTAGCTGGAATTTCTTCAATTTTAGGAGCAATTAATTTTATTACAACAATTATTAACATACGATTAAATAAAATATCATTTGATCAAATACCATTATTTGTTTGAGCTGTAGGAATTACAGCATTTTTACTATTATTATCTTTACCAGTATTAGCTGGAGCTATTACAATATTATTAACTGATCGAAATTTAAATACATCATTTTTTGACCCTGCTGGAGGAGGAGATCCAATTTTATATCAACATTTATTTTGATTTTTT,1,0.014705882352941176
Hap_025,GGAACATCTTTAAGTTTATTAATTCGGGCAGAATTAGGTAATCCAGGATCTTTAATTGGAGACGATCAAATTTATAACACTATTGTAACAGCTCATGCTTTTATTATAATTTTTTTTATAGTTATACCAATTATAATTGGGGGGTTTGGAAATTGATTAGTACCATTAATATTGGGTGCCCCAGATATAGCTTTCCCTCGAATAAATAACATAAGATTTTGACTTTTACCCCCATCTATTACACTTTTAATTTCAAGAAGAATTGTAGAAAGTGGAGCAGGAACTGGATGAACTGTTTACCCCCCATTATCTTCTAATATTGCTCACGGCGGAAGCTCTGTAGACTTAGCAATTTTTTCTCTTCATTTAGCTGGAATTTCTTCAATTTTAGGAGCAATTAATTTTATTACAACAATTATTAACATACGATTAAATAAAATATCATTTGATCAAATACCATTATTTGTTTGAGCTGTAGGAATTACAGCATTTTTACTATTATTATCTTTACCAGTATTAGCTGGAGCTATTACAATATTATTAACTGATCGAAATTTAAATACATCATTTTTTGACCCTGCTGGAGGAGGAGATCCAATTTTATATCAACATTTATTTTGATTTTTTGGTCAC,1,0.014705882352941176
Hap_026,ACATCTTTAAGTTTATTAATTCGGGCAGAATTAGGTAATCCAGGATCTTTAATTGGAGACGATCAAATTTATAACACTATTGTAACAGCTCATGCTTTTATTATAATTTTTTTTATAGTTATACCAATTATAATTGGGGGGTTTGGAAATTGATTAGTACCATTAATATTGGGTGCCCCAGATATAGCTTTCCCTCGAATAAATAACATAAGATTTTGACTTTTACCCCCATCTATTACACTTTTAATTTCAAGAAGAATTGTAGAAAGTGGAGCAGGAACTGGATGAACTGTTTACCCCCCATTATCTTCTAATATTGCTCACGGCGGAAGCTCTGTAGACTTAGCAATTTTTTCTCTTCATTTAGCTGGAATTTCTTCAATTTTAGGAGCAATTAATTTTATTACAACAATTATTAACATACGATTAAATAAAATATCATTTGATCAAATACCATTATTTGTTTGAGCTGTAGGAATTACAGCATTTTTACTATTATTATCTTTACCAGTATTAGCTGGAGCTATTACAATATTATTAACTGATCGAAATTTAAATACATCATTTTTTGACCCTGCTGGAGGAGGAGATCCAATTTTATATCAACATTTATTTTGA,1,0.014705882352941176
Hap_027,ACATCTTTAAGTTTATTAATTCGGGCAGAATTAGGTAATCCAGGATCTTTAATTGGAGACGATCAAATTTATAACACTATTGTAACAGCTCATGCTTTTATTATAATTTTTTTTATAGTTATACCAATTATAATTGGGGGGTTTGGAAATTGATTAGTACCATTAATATTGGGTGCCCCAGATATAGCTTTCCCTCGAATAAATAACATAAGATTTTGACTTTTACCCCCATCTATTACACTTTTAATTTCAAGAAGAATTGTAGAAAGTGGAGCAGGAACTGGATGAACTGTTTACCCCCCATTATCTTCTAATATTGCTCACGGCGGAAGCTCTGTAGACTTAGCAATTTTTTCTCTTCATTTAGCTGGGATTTCTTCAATTTTAGGAGCAATTAATTTTATTACAACAATTATTAACATACGATTAAATAAAATATCATTTGATCAAATACCATTATTTGTTTGAGCTGTAGGAATTACAGCATTTTTACTATTATTATCTTTACCAGTATTAGCTGGAGCTATTACAATATTATTAACTGATCGAAATTTAAATACATCATTTTTTGACCCTGCTGGAGGAGGAGATCCAATTTTATATCAACATTTATTTTGA,1,0.014705882352941176
Hap_028,TATTTCTTTATTTTTGGTATTTGAGCAGGAATAGTTGGAACATCTTTAAGTTTATTAATTCGGGCAGAATTAGGTAATCCAGGATCTTTAATTGGAGACGATCAAATTTATAACACTATTGTAACAGCTCATGCTTTTATTATAATTTTTTTTATAGTTATACCAATTATAATTGGGGGGTTTGGAAATTGATTAGTACCATTAATATTGGGTGCCCCAGATATAGCTTTCCCTCGAATAAATAACATAAGATTTTGACTTTTACCCCCATCTATTACACTTTTAATTTCAAGAAGAATTGTAGAAAGTGGAGCAGGAACTGGATGAACTGTTTACCCCCCATTATCTTCTAATATTGCTCACGGCGGAAGCTCTGTAGACTTAGCAATTTTTTCTCTTCATTTAGCTGGAATTTCTTCAATTTTAGGAGCAATTAATTTTATTACAACAATTATTAACATACGATTAAATAAAATATCATTTGATCAAATACCATTATTTGTTTGAGCTGTAGGAATTACAGCATTTTTACTATTATTATCTTTACCAGTATTAGCTGGAGCTATTACAATATTATTAACTGATCGAAATTTAAATACATCATTTTTTGACCCTGCTGGAGGAGGAGATCCAATTTTATATCAACATTTATTTTGATTTTTTGGTCACCTTGGAAGTTTT,1,0.014705882352941176
Hap_029,ATCCTTTTTTTTTTTGGTATTTGAGCAGGAATAGTTGGAACATCTTTAAGTTTATTAATTCGGGCAGAATTAGGTAATCCAGGATCTTTAATTGGAGACGATCAAATTTATAACACTATTGTAACAGCTCATGCTTTTATTATAATTTTTTTTATAGTTATACCAATTATAATTGGGGGGTTTGGAAATTGATTAGTACCATTAATATTGGGTGCCCCAGATATAGCTTTCCCTCGAATAAATAACATAAGATTTTGACTTTTACCCCCATCTATTACACTTTTAATTTCAAGAAGAATTGTAGAAAGTGGAGCAGGAACTGGATGAACTGTTTACCCCCCATTATCTTCTAATATTGCTCACGGCGGAAGCTCTGTAGACTTAGCAATTTTTTCTCTTCATTTAGCTGGAATTTCTTCAATTTTAGGAGCAATTAATTTTATTACAACAATTATTAACATACGATTAAATAAAATATCATTTGATCAAATACCATTATTTGTTTGAGCTGTAGGAATTACAGCATTTTTACTATTATTATCTTTACCAGTATTAGCTGGAGCTATTACAATACTATTAACTGATCGAAATTTAAATACATCATTTTTTGACCCTGCTGGAGGAGGAGATCCAATTTTATATCAACATTTATTTTGATTTTTTTGGTCACCCTGAAGCTTA,1,0.014705882352941176
Hap_030,AGTTTATTAATTCGGGCAGAATTAGGTAATCCAGGATCTTTAATTGGAGACGATCAAATTTATAACACTATTGTAACAGCTCATGCTTTTATTATAATTTTTTTTATAGTTATACCAATTATAATTGGGGGGTTTGGAAATTGATTAGTACCATTAATATTGGGTGCCCCAGATATAGCTTTCCCTCGAATAAATAACATAAGATTTTGACTTTTACCCCCATCTATTACACTTTTAATTTCAAGAAGAATTGTAGAAAGTGGAGCAGGAACTGGATGAACTGTTTACCCCCCATTATCTTCTAATATTGCTCACGGCGGAAGCTCTGTAGACTTAGCAATTTTTTCTCTTCATTTAGCTGGAATTTCTTCAATTTTAGGAGCAATTAATTTTATTACAACAATTATTAACATACGATTAAATAAAATATCATTTGATCAAATACCATTATTTGTTTGAGCTGTAGGAATTACAGCATTTTTACTATTATTATCTTTACCAGTATTAGCTGGAGCTATTACAATATTATTAACTGATCGAAATTTAAATACATCATTTTTTGACCCTGCTGGAGGAGGAGATCCAATTTTATATCAACATTTATTTTGATTTTTTGGT,1,0.014705882352941176
Hap_031,ACATCTTTAAGTTTATTAATTCGGGCAGAATTAGGTAATCCAGGATCTTTAATTGGAGACGATCAAATTTATAACACTATTGTAACAGCTCATGCTTTTATTATAATTTTTTTTATAGTTATACCAATTATAATTGGGGGGTTTGGAAATTGATTAGTACCATTAATATTGGGTGCCCCAGATATAGCTTTCCCTCGAATAAATAACATAAGATTTTGACTTTTACCCCCATCTATTACACTTTTAATTTCAAGAAGAATTGTAGAAAGTGGAGCAGGAACTGGATGAACTGTTTACCCCCCATTATCTTCTAATATTGCTCACGGCGGAAGCTCTGTAGACTTAGCAATTTTTTCTCTTCATTTAGCTGGAATTTCTTCAATTTTAGGAGCAATTAATTTTATTACAACAATTATTAACATACGATTAAATAAAATATCATTTGATCAAATACCATTATTTGTTTGAGCTGTAGGAATTACAGCATTTTTACTATTATTATCTTTACCAGTATTAGCTGGAGCTATTACAATATTATTAACTGATCGAAATTTAAATACATCATTTTTTGACCCTGCTGGAGGAGGAGATCCAATTTTATATCAACATTTATTTTGATTTTTTGGTCACCTGAAG,1,0.014705882352941176
Hap_032,CTTGGTTTGAGCAGGATAGTTGGAACATCTTTAAGTTTATTAATTCGGGCAGAATTAGGTAATCCAGGATCTTTAATTGGAGACGATCAAATTTATAACACTATTGTAACAGCTCATGCTTTTATTATAATTTTTTTTATAGTTATACCAATTATAATTGGGGGGTTTGGAAATTGATTAGTACCATTAATATTGGGTGCCCCAGATATAGCTTTCCCTCGAATAAATAACATAAGATTTTGACTTTTACCCCCATCTATTACACTTTTAATTTCAAGAAGAATTGTAGAAAGTGGAGCAGGAACTGGATGAACTGTTTACCCCCCATTATCTTCTAATATTGCTCACGGCGGAAGCTCTGTAGACTTAGCAATTTTTTCTCTTCATTTAGCTGGAATTTCTTCAATTTTAGGAGCAATTAATTTTATTACAACAATTATTAACATACGATTAAATAAAATATCATTTGATCAAATACCATTATTTGTTTGAGCTGTAGGAATTACAGCATTTTTACTATTATTATCTTTACCAGTATTAGCTGGAGCTATTACAATATTATTAACTGATCGAAATTTAAATACATCATTTTTTGACCCTGCTGGAGGAGGAGACCCAATTTTATATCAACATTTATTTTGATTTTTTGGTCACCCTGGAAGTTTAAACTCC,1,0.014705882352941176
Hap_033,TGTTTGAGCAGGATAGTTGGAACATCTTTAAGTTTATTAATTCGGGCAGAATTAGGTAATCCAGGATCTTTAATTGGAGACGATCAAATTTATAACACTATTGTAACAGCTCATGCTTTTATTATAATTTTTTTTATAGTTATACCAATTATAATTGGGGGGTTTGGAAATTGATTAGTACCATTAATATTGGGTGCCCCAGATATAGCTTTCCCTCGAATAAATAACATAAGATTTTGACTTTTACCCCCATCTATTACACTTTTAATTTCAAGAAGAATTGTAGAAAGTGGAGCAGGAACTGGATGAACTGTTTACCCCCCATTATCTTCTAATATTGCTCACGGCGGAAGCTCTGTAGACTTAGCAATTTTTTCTCTTCATTTAGCTGGAATTTCTTCAATTTTAGGAGCAATTAATTTTATTACAACAATTATTAACATACGATTAAATAAAATATCATTTGATCAAATACCATTATTTGTTTGAGCTGTAGGAATTACAGCATTTTTACTATTATTATCTTTACCAGTATTAGCTGGAGCTATTACAATATTATTAACTGATCGAAATTTAAATACATCATTTTTTGACCCTGCTGGAGGAGGAGATCCAATTTTATATCAACATTTATTTTGATTTTTTGGTCACCCTGGAAGTTTAAATAAT,1,0.014705882352941176
Hap_034,ACATCTTTAAGTTTATTAATTCGGGCAGAATTAGGTAATCCAGGATCTTTAATTGGAGACGATCAAATTTATAACACTATTGTAACAGCTCATGCTTTTATTATAATTTTTTTTATAGTTATACCAATTATAATTGGGGGGTTTGGAAATTGATTAGTACCATTAATATTGGGTGCCCCAGATATAGCTTTCCCTCGAATAAATAACATAAGATTTTGACTTTTACCCCCATCTATTACACTTTTAATTTCAAGAAGAATTGTAGAAAGTGGAGCAGGAACTGGATGAACTGTTTACCCCCCATTATCTTCTAATATTGCTCACGGCGGAAGCTCTGTAGACTTAGCAATTTTTTCTCTTCATTTAGCTGGAATTTCTTCAATTTTAGGAGCAATTAATTTTATTACAACAATTATTAACATACGATTAAATAAAATATCATTTGATCAAATACCATTATTTGTTTGAGCTGTAGGAATTACAGCATTTTTACTATTATTATCTTTACCAGTATTAGCTGGAGCTATTACAATATTATTAACTGATCGAAATTTAAATACATCATTTTTTGACCCTGCTGGAGGAGGAGATCCAATTTTATATCAACATTTATTTTGATTTTTTGGTCACCTGAAA,1,0.014705882352941176
Hap_035,TGGTATTTGAGCAGGATAGTTGGAACATCTTTAAGTTTATTAATTCGAGCAGAATTAGGTAATCCAGGATCTTTAATTGGAGACGATCAAATTTATAACACTATTGTAACAGCTCATGCTTTTATTATAATTTTTTTTATAGTTATACCAATTATAATTGGGGGGTTTGGAAATTGATTAGTACCATTAATATTGGGTGCCCCAGATATAGCTTTCCCTCGAATAAATAACATAAGATTTTGACTTTTACCCCCATCTATTACACTTTTAATTTCAAGAAGAATTGTAGAAAGTGGAGCAGGAACTGGATGAACTGTTTACCCCCCATTATCTTCTAATATTGCTCACGGCGGAAGCTCTGTAGACTTAGCAATTTTTTCTCTTCATTTAGCTGGAATTTCTTCAATTTTAGGAGCAATTAATTTTATTACAACAATTATTAACATACGATTAAATAAAATATCATTTGATCAAATACCATTATTTGTTTGAGCTGTAGGAATTACAGCATTTTTACTATTATTATCTTTACCAGTATTAGCTGGAGCTATTACAATATTATTAACTGATCGAAATTTAAATACATCATTTTTTGACCCTGCTGGAGGAGGAGATCCAATTTTATATCAACATTTATTTTGATTTTTTGGTCACCCTGGAAGTTTAAAAGAG,1,0.014705882352941176
Hap_036,AAAAACTTTATTTTGGATTTGAGCAGGATAGTTGGAACATCTTTAAGTTTATTAATTCGGGCAGAATTAGGTAATCCAGGATCTTTAATTGGAGACGATCAAATTTATAACACTATTGTAACAGCTCATGCTTTTATTATAATTTTTTTTATAGTTATACCAATTATAATTGGGGGGTTTGGAAATTGATTAGTACCATTAATATTGGGTGCCCCAGATATAGCTTTCCCTCGAATAAATAACATAAGATTTTGACTTTTACCCCCATCTATTACACTTTTAATTTCAAGAAGAATTGTAGAAAGTGGAGCAGGAACTGGATGAACTGTTTACCCCCCATTATCTTCTAATATTGCTCACGGCGGAAGCTCTGTAGACTTAGCAATTTTTTCTCTTCATTTAGCTGGAATTTCTTCAATTTTAGGAGCAATTAATTTTATTACAACAATTATTAACATACGATTAAATAAAATATCATTTGATCAAATACCATTATTTGTTTGAGCTGTAGGAATTACAGCATTTTTACTATTATTATCTTTACCAGTATTAGCTGGAGCTATTACAATATTATTAACTGATCGAAATTTAAATACATCATTTTTTGACCCTGCTGGAGGAGGAGATCCAATTTTATATCAACATTTATTTTGATTTTTTGGTCACCTGGAAAAGTTTAAAAAA,1,0.014705882352941176
Hap_037,CTTAACCTTTTATTTTCGGTTTTGAGCAGGATAGTTGGAACATCTTTAAGTTTATTAATTCGGGCAGAATTAGGTAATCCAGGATCTTTAATTGGAGACGATCAAATTTATAACACTATTGTAACAGCTCATGCTTTTATTATAATTTTTTTTATAGTTATACCAATTATAATTGGGGGGTTTGGAAATTGATTAGTACCATTAATATTGGGTGCCCCAGATATAGCTTTCCCTCGAATAAATAACATAAGATTTTGACTTTTACCCCCATCTATTACACTTTTAATTTCAAGAAGAATTGTAGAAAGTGGAGCAGGAACTGGATGAACTGTTTACCCCCCATTATCTTCTAATATTGCTCACGGCGGAAGCTCTGTAGACTTAGCAATTTTTTCTCTTCATTTAGCTGGAATTTCTTCAATTTTAGGAGCAATTAATTTTATTACAACAATTATTAACATACGATTAAATAAAATATCATTTGATCAAATACCATTATTTGTTTGAGCTGTAGGAATTACAGCATTTTTACTATTATTATCTTTACCAGTATTAGCTGGAGCTATTACAATATTATTAACTGATCGAAATTTAAATACATCATTTTTTGACCCTGCTGGAGGAGGAGATCCAATTTTATATCAACATTTATTTTGATTTTTTGGTCACCCA,1,0.014705882352941176
Hap_038,TTTTCCCTTTATTTGGATTTGAGCAGGATAGTTGGAACATCTTTAAGTTTATTAATTCGGGCAGAATTAGGTAATCCAGGATCTTTAATTGGAGACGATCAAATTTATAACACTATTGTAACAGCTCATGCTTTTATTATAATTTTTTTTATAGTTATACCAATTATAATTGGGGGGTTTGGAAATTGATTAGTACCATTAATATTGGGTGCCCCAGATATAGCTTTCCCTCGAATAAATAACATAAGATTTTGACTTTTACCCCCATCTATTACACTTTTAATTTCAAGAAGAATTGTAGAAAGTGGAGCAGGAACTGGATGAACTGTTTACCCCCCATTATCTTCTAATATTGCTCACGGCGGAAGCTCTGTAGACTTAGCAATTTTTTCTCTTCATTTAGCTGGAATTTCTTCAATTTTAGGAGCAATTAATTTTATTACAACAATTATTAACATACGATTAAATAAAATATCATTTGATCAAATACCATTATTTGTTTGAGCTGTAGGAATTACAGCATTTTTACTATTATTATCTTTACCAGTATTAGCTGGAGCTATTACAATATTATTAACTGATCGAAATTTAAATACATCATTTTTTGACCCTGCTGGAGGAGGAGATCCAATTTTATATCAACATTTATTTTGATTTTTTGGTCACCCTGGAAGTTTA,1,0.014705882352941176
Hap_039,ACCTTTATTTTTGGTATTTGAGCAGGAATAGTTGGAACATCTTTAAGTTTATTAATTCGGGCAGAATTAGGTAATCCAGGATCTTTAATTGGAGACGATCAAATTTATAACACTATTGTAACAGCTCATGCTTTTATTATAATTTTTTTTATAGTTATACCAATTATAATTGGGGGGTTTGGAAATTGATTAGTACCATTAATATTGGGTGCCCCAGATATAGCTTTCCCTCGAATAAATAACATAAGATTTTGACTTTTACCCCCATCTATTACACTTTTAATTTCAAGAAGAATTGTAGAAAGTGGAGCAGGAACTGGATGAACTGTTTACCCCCCATTATCTTCTAATATTGCTCACGGCGGAAGCTCTGTAGACTTAGCAATTTTTTCTCTTCATTTAGCTGGAATTTCTTCAATTTTAGGAGCAATTAATTTTATTACAACAATTATTAACATACGATTAAATAAAATATCATTTGATCAAATACCATTATTTGTTTGAGCTGTAGGAATTACAGCATTTTTACTATTATTATCTTTACCAGTATTAGCTGGAGCTATTACAATATTATTAACTGATCGAAATTTAAATACATCATTTTTTGACCCTGCTGGAGGAGGAGATCCAATTTTATATCAACATTTATTTTGATTTTTTGGTCACCTGGAAATTTTA,1,0.014705882352941176
Hap_040,TCTCCCTTATTTTGGTATTTGAGCAGGATAGTTGGAACATCTTTAAGTTTATTAATTCGGGCAGAATTAGGTAATCCAGGATCTTTAATTGGAGACGATCAAATTTATAACACTATTGTAACAGCTCATGCTTTTATTATAATTTTTTTTATAGTTATACCAATTATAATTGGGGGGTTTGGAAATTGATTAGTACCATTAATATTGGGTGCCCCAGATATAGCTTTCCCTCGAATAAATAACATAAGATTTTGACTTTTACCCCCATCTATTACACTTTTAATTTCAAGAAGAATTGTAGAAAGTGGAGCAGGAACTGGATGAACTGTTTACCCCCCATTATCTTCTAATATTGCTCACGGCGGAAGCTCTGTAGACTTAGCAATTTTTTCTCTTCATTTAGCTGGAATTTCTTCAATTTTAGGAGCAATTAATTTTATTACAACAATTATTAACATACGATTAAATAAAATATCATTTGATCAAATACCATTATTTGTTTGAGCTGTAGGAATTACAGCATTTTTACTATTATTATCTTTACCAGTATTAGCTGGAGCTATTACAATATTATTAACTGATCGAAATTTAAATACATCATTTTTTGACCCTGCTGGAGGAGGAGATCCAATTTTATATCAACATTTTATTTTGATTTTTTGGTCACCCTGAAATTTAAAAAAA,1,0.014705882352941176
Hap_041,TTTTCTTTTTTTTGGTATTTGAGCAGGATAGTTGGAACATCTTTAAGTTTATTAATTCGGGCAGAATTAGGTAATCCAGGATCTTTAATTGGAGACGATCAAATTTATAACACTATTGTAACAGCTCATGCTTTTATTATAATTTTTTTTATAGTTATACCAATTATAATTGGGGGGTTTGGAAATTGATTAGTACCATTAATATTGGGTGCCCCAGATATAGCTTTCCCTCGAATAAATAACATAAGATTTTGACTTTTACCCCCATCTATTACACTTTTAATTTCAAGAAGAATTGTAGAAAGTGGAGCAGGAACTGGATGAACTGTTTACCCCCCATTATCTTCTAATATTGCTCACGGCGGAAGCTCTGTAGACTTAGCAATTTTTTCTCTTCATTTAGCTGGAATTTCTTCAATTTTAGGAGCAATTAATTTTATTACAACAATTATTAACATACGATTAAATAAAATATCATTTGATCAAATACCATTATTTGTTTGAGCTGTAGGAATTACAGCATTTTTACTATTATTATCTTTACCAGTATTAGCTGGAGCTATTACAATATTATTAACTGATCGAAATTTAAATACATCATTTTTTGACCCTGCTGGAGGAGGAGATCCAATTTTATATCAACATTTATTTTGATTTTTTGGTCACCTGGAAAGTTTA,1,0.014705882352941176
Hap_042,AACATTATACTTTATTTTTGGTATTTGAGCAGGAATAATTGGAACATCTTTAAGTTTATTAATTCGAGCAGAATTAGGTAATCCAGGATCTTTAATTGGAGATGATCAAATTTATAACACTATTGTAACAGCTCATGCTTTTATTATAATTTTTTTTATAGTTATACCAATTATAATTGGAGGATTTGGAAATTGATTAGTACCATTAATATTAGGTGCTCCAGATATAGCTTTCCCTCGAATAAATAACATAAGATTTTGACTTTTACCCCCATCAATTACACTTTTAATTTCAAGAAGAATTGTAGAAAGTGGAGCAGGAACTGGATGAACTGTTTATCCCCCATTATCTTCTAATATTGCCCACGGCGGAAGCTCTGTAGATTTGGCAATTTTTTCTCTTCATTTAGCTGGAATTTCTTCAATTTTAGGAGCAATTAATTTTATTACAACAATTATTAACATACGATTAAATAAACTATCATTTGATCAAATACCATTATTTGTTTGAGCTGTAGGAATTACAGCATTTTTACTCTTATTATCTTTACCAGTATTAGCTGGAGCTATTACAATACTATTAACTGATCGAAATTTAAATACATCATTTTTTGATCCTGCTGGAGGAGGAGATCCAATTTTATATCAACATTTATTT,1,0.014705882352941176
Hap_043,AACATTATACTTTATTTTTGGTATTTGAGCAGGAATAATTGGAACATCTTTAAGTTTATTAATTCGAGCAGAATTAGGTAATCCAGGATCTTTAATTGGAGATGATCAAATTTATAACACTATTGTAACAGCTCATGCTTTTATTATAATTTTTTTTATAGTTATACCAATTATAATTGGAGGATTTGGAAATTGATTAGTACCATTAATATTAGGTGCTCCAGATATAGCTTTCCCTCGAATAAATAACATAAGATTTTGACTTTTACCCCCATCAATTACACTTTTAATTTCAAGAAGAATTGTAGAAAGTGGAGCAGGAACTGGATGAACTGTTTATCCCCCATTATCTTCTAATATTGCCCACGGCGGAAGCTCTGTAGATTTGGCAATTTTTTCTCTTCATTTAGCTGGAATTTCTTCAATTTTAGGAGCAATTAATTTTATTACAACAATTATTAACATACGATTAAATAAACTATCATTTGATCAAATACCATTATTTGTTTGAGCTGTAGGAATTACAGCATTTTTACTCTTATTATCTTTACCAGTATTAGCTGGAGCTATTACAATACTATTAACTGATCGAAATTTAAATACATCATT,1,0.014705882352941176
Hap_044,AACATTATACTTTATTTTTGGTATTTGAGCAGGAATAATTGGAACATCTTTAAGTTTATTAATTCGAGCAGAATTAGGTAATCCAGGATCTTTAATTGGAGATGATCAAATCTATAACACTATTGTAACAGCTCATGCTTTTATTATAATTTTTTTTATAGTTATACCAATTATAATTGGAGGATTTGGAAATTGATTAGTACCATTAATATTAGGTGCTCCAGATATAGCTTTCCCTCGAATAAATAACATAAGATTTTGACTTTTACCCCCATCTATTACACTTTTAATTTCAAGAAGAATTGTAGAAAGTGGAGCAGGAACTGGATGAACTGTTTATCCCCCATTATCTTCTAATATTGCCCACGGCGGAAGCTCTGTAGATTTGGCAATTTTTTCTCTTCATTTAGCTGGAATTTCTTCAATTTTAGGAGCAATTAATTTTATTACAACAATTATTAACATACGATTAAATAAACTATCATTTGATCAAATACCATTATTTGTTTGAGCTGTAGGAATTACAGCATTTTTACTCTTATTATCTTTACCAGTATTAGCTGGAGCTATTACAATACTATTAACTGATCGAAATTTAAATACATCATTTTTTGACCCTGCTGGAGGAGGAGATCCAATTTTATACCAACATTTATTT,1,0.014705882352941176
Hap_045,AACATTATACTTTATTTTTGGTATTTGAGCAGGAATAATTGGAACATCTTTAAGTTTATTAATTCGAGCAGAATTAGGTAATCCAGGATCTTTAATTGGAGATGATCAAATTTATAACACTATTGTAACAGCTCATGCTTTTATTATAATTTTTTTTATAGTTATACCAATTATAATTGGAGGATTTGGAAATTGATTAGTACCATTAATATTAGGTGCTCCAGATATAGCTTTCCCTCGAATAAATAACATAAGATTTTGACTTTTACCCCCATCAATTACACTTTTAATTTCAAGAAGAATTGTAGAAAGTGGAGCAGGAACTGGATGAACTGTTTATCCCCCATTATCTTCTAATATTGCCCACGGCGGAAGCTCTGTAGATTTGGCAATTTTTTCTCTTCATTTAGCTGGAATTTCTTCAATTTTAGGAGCAATTAATTTTATTACAACAATTATTAACATACGATTAAATAAACTATCATTTGATCAAATACCATTATTTGTTTGAGCTGTAGGAATTACAGCATTTTTACTCTTATTATCTTTACCAGTATTAGCTGGAGCTATTACAATACTA,1,0.014705882352941176
Hap_046,AACATTATACTTTATTTTTGGTATTTGAGCAGGAATAGTTGGAACATCTTTAAGTTTATTAATTCGAGCAGAATTAGGTAACCCAGGATCTTTAATTGGAGATGATCAAATTTATAACACTATTGTAACAGCTCATGCTTTTATTATAATTTTTTTTATAGTTATACCAATTATAATTGGAGGATTTGGAAATTGATTAGTACCATTAATACTAGGTGCTCCAGATATGGCTTTCCCTCGAATAAACAACATAAGATTTTGACTTTTACCCCCATCTATTACACTTTTAATTTCAAGAAGAATTGTAGAAAGTGGAGCAGGAACTGGATGAACTGTTTACCCTCCCTTATCTTCTAATATTGCTCATGGCGGAAGCTCTGTAGATTTAGCAATTTTTTCTCTTCATTTAGCTGGAATTTCTTCAATTTTAGGAGCAATTAATTTTATTACAACAATTATTAACATACGATTAAATAAATTATCATTTGATCAAATACCATTATTTGTTTGAGCTGTAGGAATTACAGCATTTTTACTCTTATTATCTTTACCAGTATTAGCTGGAGCTATTACTATATTATTAACTGATCGAAATTTAAATACATCATTTTTTGACCCTGCTGGAGGAGGAGATCCAATTTTATATCAACATTTATTT,1,0.014705882352941176
Hap_047,AACATTATACTTTATTTTTGGTATTTGAGCAGGAATAATTGGAACATCTTTAAGTTTATTAATTCGAGCAGAATTAGGTAATCCAGGATCTTTAATTGGAGATGATCAAATTTATAACACTATTGTAACAGCTCATGCTTTTATTATAATTTTTTTTATAGTTATACCAATTATAATTGGAGGATTTGGAAATTGATTAGTACCATTAATATTAGGTGCTCCAGATATAGCTTTCCCTCGAATAAATAACATAAGATTTTGACTTTTACCCCCATCTATTACACTTTTAATTTCAAGAAGAATTGTAGAAAGTGGAGCAGGAACTGGATGAACTGTTTATCCCCCATTATCTTCTAATATTGCCCACGGCGGAAGCTCTGTAGATTTGGCAATTTTTTCTCTTCATTTAGCTGGAATTTCTTCAATTTTAGGAGCAATTAATTTTATTACAACAATTATTAACATACGATTAAATAAACTATCATTTGATCAAATACCATTATTTGTTTGAGCTGTAGGAATTACAGCATTTTTACTCTTATTATCTTTACCAGTATTAGCTGGAGCTATTACAATACTATT,1,0.014705882352941176
Hap_048,AACGTTATACTTTATTTTTGGTATTTGAGCAGGAATAGTTGGAACCTCTTTAAGTTTATTAATTCGAGCAGAATTAGGTAACCCAGGATCTTTAATTGGAGATGATCAAATTTATAATACTATTGTAACAGCTCATGCTTTTATTATAATTTTTTTTATAGTTATACCAATTATAATTGGAGGATTTGGAAATTGATTAGTACCATTAATATTAGGTGCCCCAGATATAGCTTTCCCTCGAATAAATAACATAAGATTTTGACTTTTACCTCCATCTATTACACTTTTAATTTCAAGAAGAATTGTAGAAAGTGGAGCAGGAACTGGATGAACTGTTTACCCCCCTTTATCTTCTAATATTGCTCATGGCGGAAGCTCTGTAGACTTAGCAATTTTTTCCCTTCATTTAGCTGGAATTTCTTCAATTTTAGGAGCAATTAATTTTATTACAACAATTATTAATATACGATTAAATAAATTATCATTTGATCAAATACCATTATTTGTTTGAGCTGTAGGAATTACAGCATTTTTACTTTTATTATCTTTACCAGTATTAGCTGGAGCTATTACAATGTTATTAACTGATCGAAATTTAAATACATCATTTTTTGACCCTGCTGGGGGAGGAGACCCAATTTTATATCAACATTTATTT,1,0.014705882352941176
Hap_049,TATTTGAGCAGGAATAATTGGAACATCTTTAAGTTTATTAATTCGAGCAGAATTAGGTAATCCAGGGTCTTTAATTGGGGATGACCAAATTTATAACACTATTGTAACAGCTCATGCTTTTATTATAATTTTTTTTATAGTTATACCAATTATAATTGGGGGATTTGGAAATTGATTAGTACCATTAATATTAGGTGCTCCAGATATAGCTTTCCCTCGAATAAATAACATAAGATTTTGACTTTTACCCCCATCTATTACACTTTTAATTTCAAGAAGAATTGTAGAAAGTGGAGCAGGAACTGGATGAACTGTTTACCCCCCATTATCTTCTAATATTGCCCACGGCGGAAGCTCTGTAGATTTGGCAATTTTTTCTCTTCATTTAGCTGGAATTTCTTCAATTTTAGGAGCAATTAATTTTATTACAACAATTATTAATATACGATTAAATAAACTATCATTTGATCAAATACCATTATTTGTTTGAGCTGTAGGAATTACAGCGTTTTTACTCTTATTATCTTTACCAGTATTAGCTGGAGCTATTACAATACTATTAACTGATCGAAATTTAAATACATCATTTTTTGACCCTGCTGGAGGAGGAGATCCAATTTTATACCAACATTTATTT,1,0.014705882352941176
Hap_050,TTTAAGTTTATTAATTCGAGCAGAATTAGGTAATCCAGGGTCTTTAATTGGGGATGACCAAATTTATAACACTATTGTAACAGCTCATGCTTTTATTATAATTTTTTTTATAGTTATACCAATTATAATTGGGGGATTTGGAAATTGATTAGTACCATTAATATTAGGTGCTCCAGATATAGCTTTCCCTCGAATAAATAACATAAGATTTTGACTTTTACCCCCATCTATTACACTTTTAATTTCAAGAAGAATTGTAGAAAGTGGAGCAGGAACTGGATGAACTGTTTACCCCCCATTATCTTCTAATATTGCCCACGGCGGAAGCTCTGTAGATTTGGCAATTTTTTCTCTTCATTTAGCTGGAATTTCTTCAATTTTAGGAGCAATTAATTTTATTACAACAATTATTAATATACGATTAAATAAACTATCATTTGATCAAATACCATTATTTGTTTGAGCTGTAGGAATTACAGCGTTTTTACTCTTATTATCTTTACCAGTATTAGCTGGAGCTATTACAATACTATTAACTGATCGAAATTTAAATACATCATTTTTTGACCCTGCTGGAGGAGGAGATCCAATTTTATATCAACATTTATTT,1,0.014705882352941176
Hap_051,AATTCGAGCAGAATTAGGTAATCCAGGGTCTTTAATTGGGGATGACCAAATTTATAACACTATTGTAACAGCTCATGCTTTTATTATAATTTTTTTTATAGTTATACCAATTATAATTGGGGGATTTGGAAATTGATTAGTACCATTAATATTAGGTGCTCCAGATATAGCTTTCCCTCGAATAAATAACATAAGATTTTGACTTTTACCCCCATCTATTACACTTTTAATTTCAAGAAGAATTGTAGAAAGTGGAGCAGGAACTGGATGAACTGTTTACCCCCCATTATCTTCTAATATTGCCCACGGCGGAAGCTCTGTAGATTTGGCAATTTTTTCTCTTCATTTAGCTGGAATTTCTTCAATTTTAGGAGCAATTAATTTTATTACAACAATTATTAATATACGATTAAATAAACTATCATTTGATCAAATACCATTATTTGTTTGAGCTGTAGGAATTACAGCGTTTTTACTCTTATTATCTTTACCAGTATTAGCTGGAGCTATTACAATACTATTAACTGATCGAAATTTAAATACATCATTTTTTGACCCTGCTGGAGGAGGAGATCCAATTTTATATCAACATTTATTT,1,0.014705882352941176
Hap_052,GAGCAGGAATAATTGGAACATCTTTAAGTTTATTAATTCGAGCAGAATTAGGTAATCCAGGATCTTTAATTGGAGATGATCAAATTTATAACACTATTGTAACAGCTCATGCTTTTATTATAATTTTTTTTATAGTTATACCAATTATAATTGGGGGATTTGGAAATTGATTAGTACCATTAATATTAGGTGCTCCAGATATAGCTTTCCCTCGAATAAATAACATAAGATTTTGACTTTTACCCCCATCTATTACACTTTTAATTTCAAGAAGAATTGTAGAAAATGGAGCAGGAACTGGATGAACTGTTTATCCCCCATTATCTTCTAATATTGCCCACGGCGGAAGCTCTGTAGATTTGGCAATTTTTTCTCTTCATTTAGCTGGAATTTCTTCAATTTTAGGAGCAATTAATTTTATTACAACAATTATTAACATACGATTAAA,1,0.014705882352941176
Hap_053,TAATTGGAACATCTTTAAGTTTATTAATTCGAGCAGAATTAGGTAATCCAGGATCTTTAATTGGAGATGATCAAATTTATAACACTATTGTAACAGCTCATGCTTTTATTATAATTTTTTTTATAGTTATACCAATTATAATTGGGGGGTTTGGAAATTGATTAGTACCATTAATATTAGGTGCTCCAGATATAGCTTTCCCTCGAATAAATAACATAAGATTTTGACTTTTACCCCCATCTATTACACTTTTAATTTCAAGAAGAATTGTAGAAAATGGAGCAGGAACTGGATGAACTGTTTATCCCCCATTATCTTCTAATATTGCCCACGGCGGAAGCTCTGTAGATTTGGCAATTTTTTCTCTTCATTTAGCTGGAATTTCTTCAATTTTAGGAGCAATTAATTTTATTACAACAATTATTAACATACGATTAAA,1,0.014705882352941176
Hap_054,TAATTGGAACATCTTTAAGTTTATTAATTCGAGCAGAATTAGGTAATCCAGGATCTTTAATTGGAGATGATCAAATTTATAACACTATTGTAACAGCTCATGCTTTTATTATAATTTTTTTTATAGTTATACCAATTATAATTGGGGGATTTGGAAATTGATTAGTACCATTAATATTAGGTGCTCCAGATATAGCTTTCCCTCGAATAAATAACATAAGATTTTGACTTTTACCCCCATCTATTACACTTTTAATTTCAAGAAGAATTGTAGAAAGTGGAGCAGGAACTGGATGAACTGTTTATCCCCCATTATCTTCTAATATTGCCCACGGCGGAAGCTCTGTAGATTTGGCAATTTTTTCTCTTCATTTAGCTGGAATTTCTTCAATTTTAGGAGCAATTAATTTTATTACAACAATTATTAACATACGATTAAAT,1,0.014705882352941176
Hap_055,GGATAATTGGAACATCTTTAAGTTTATTAATTCGAGCAGAATTAGGTAATCCAGGATCTTTAATTGGAGATGATCAAATTTATAACACTATTGTAACAGCTCATGCTTTTATTATAATTTTTTTTATAGTTATACCAATTATAATTGGGGGATTTGGAAATTGATTAGTACCATTAATATTAGGTGCTCCAGATATAGCTTTCCCTCGAATAAATAACATAAGATTTTGACTTTTACCCCCATCTATTACACTTTTAATTTCAAGAAGAATTGTAGAAAATGGAGCAGGAACTGGATGAACTGTTTATCCCCCATTATCTTCTAATATTGCCCACGGCGGAAGCTCTGTAGATTTGGCAATTTTTTCTCTTCATTTAGCTGGAATTTCTTCAATTTTAGGAGCAATTAATTTTATTACAACAATTATTAACATACGATTAAAT,1,0.014705882352941176
Hap_056,ATTGGAACATCTTTAAGTTTATTAATTCGAGCAGAATTAGGTAATCCAGGATCTTTAATTGGAGATGATCAAATTTATAACACTATTGTAACAGCTCATGCTTTTATTATAATTTTTTTTATAGTTATACCAATTATAATTGGGGGATTTGGAAATTGATTAGTACCATTAATATTAGGTGCTCCAGATATAGCTTTCCCTCGAATAAATAACATAAGATTTTGACTTTTACCCCCATCTATTACACTTTTAATTTCAAGAAGAATTGTAGAAAATGGAGCAGGAACTGGATGAACTGTTTATCCCCCATTATCTTCTAATATTGCCCACGGCGGAAGCTCTGTAGATTTGGCAATTTTTTCTCTTCATTTAGCTGGAATTTCTTCAATTTTAGGAGCAATTAATTTTATTACAACAATTATTAACATACGATTAAAT,1,0.014705882352941176
Hap_057,AGCAGGAATAATTGGAACATCTTTAAGTTTATTAATTCGAGCAGAATTAGGTAATCCAGGATCTTTAATTGGAGATGATCAAATTTATAACACTATTGTAACAGCTCATGCTTTTATTATAATTTTTTTTATAGTTATACCAATTATAATTGGGGGATTTGGAAATTGATTAGTACCATTAATATTAGGTGCTCCAGATATAGCTTTCCCTCGAATAAATAACATAAGATTTTGACTTTTACCCCCATCTATTACACTTTTAATTTCAAGAAGAATTGTAGAAAATGGAGCAGGAACTGGATGAACTGTTTATCCCCCATTATCTTCTAATATTGCCCACGGCGGAAGCTCTGTAGATTTGGCAATTTTTTCTCTTCATTTAGCTGGAATTTCTTCAATTTTAGGAGCAATTAATTTTATTACAACAATTATTAACATACGATTAAA,1,0.014705882352941176
Hap_058,AACATTATACTTTATTTTTGGTATTTGAGCAGGAATAATTGGAACATCTTTAAGTTTATTAATTCGAGCAGAATTAGGTAATCCAGGATCTTTAATTGGAGATGATCAAATTTATAACACTATTGTAACAGCTCATGCTTTTATTATAATTTTTTTTATAGTTATACCAATTATAATTGGGGGATTTGGAAATTGATTAGTACCATTAATATTAGGTGCTCCAGATATAGCTTTCCCTCGAATAAATAACATAAGATTTTGACTTTTACCCCCATCTATTACACTTTTAATTTCAAGAAGAATTGTAGAAAGTGGAGCAGGAACTGGATGAACTGTTTATCCCCCATTATCTTCTAATATTGCCCACGGCGGAAGCTCTGTAGATTTGGCAATTTTTTCTCTTCATTTAGCTGGAATTTCTTCAATTTTAGGAGCAATTAATTTTATTACAACAATTATTAACATACGATTAAATAAACTATCATTTGATCAAATACCATTATTTGTTTGAGCTGTAGGAATTACAGCATTTTTACTCTTATTATCTTTACCAGTATTAGCTGGAGCTATTACAATATTATTAACTGATCGAAATTTAAATACATCATTTTTTGACCCTGCTGGAGGAGGGGATCCAATTTTATATCAACATTTATTT,1,0.014705882352941176
Hap_059,AACATTATACTTTATTTTTGGTATTTGAGCAGGAATAATTGGAACATCTTTAAGTTTATTAATTCGAGCAGAATTAGGTAATCCAGGATCTTTAATTGGAGATGATCAAATTTATAACACTATTGTAACAGCTCATGCTTTTATTATAATTTTTTTTATAGTTATACCAATTATAATTGGAGGATTTGGAAATTGATTAGTACCATTAATATTAGGTGCTCCAGATATAGCTTTCCCTCGAATAAATAACATAAGATTTTGACTTTTACCCCCATCTATTACACTTTTAATTTCAAGAAGAATTGTAGAAAGTGGAGCAGGAACTGGATGAACTGTTTATCCCCCATTATCTTCTAATATTGCCCACGGCGGAAGCTCTGTAGATTTGGCAATTTTTTCTCTTCATTTAGCTGGAATTTCTTCAATTTTAGGAGCAATTAATTTTATTACAACAATTATTAACATACGATTAAATAAACTATCATTTGATCAAATACCATTATTTGTTTGAGCTGTAGGAATTACAGCATTTTTACTCTTATTATCTTTACCAGTATTAGCTGGAGCTATTACAATACTATTAACTGATCGAAATTTAAATACATCATTTTTTGACCCTGCTGGAGGAGGAGATCCAATTTTATACCAACATTTATTT,1,0.014705882352941176
Hap_060,TATGTGGAACATCTTTAAGTTTATTAATTCGAGCAGAATTAGGTAATCCAGGATCTTTAATTGGAGATGATCAAATCTATAACACTATTGTAACAGCTCATGCTTTTATTATAATTTTTTTTATAGTTATACCAATTATAATTGGAGGATTTGGAAATTGATTAGTACCATTAATATTAGGTGCTCCAGATATAGCTTTCCCTCGAATAAATAACATAAGATTTTGACTTTTACCCCCATCTATTACACTTTTAATTTCAAGAAGAATTGTAGAAAATGGAGCAGGAACTGGATGAACTGTTTATCCCCCATTATCTTCTAATATTGCCCACGGCGGAAGCTCTGTAGATTTGGCAATTTTTTCTCTTCATTTAGCTGGAATTTCTTCAATTTTAGGAGCAATTAATTTTATTACAACAATTATTAACATACGATTAAATAAACTATCATTTGATCAAATACCATTATTTGTTTGAGCTGTAGGAATTACAGCATTTTTACTCTTATTATCTTTACCAGTATTAGCTGGAGCTATTACAATACTATTAACTGATCG,1,0.014705882352941176
Hap_061,GATAGTTGGAACATCTTTAAGTTTATTAATTCGAGCAGAATTAGGTAACCCAGGATCTTTAATTGGAGATGATCAAATTTATAACACTATTGTAACAGCTCATGCTTTTATTATAATTTTTTTTATAGTTATACCAATTATAATTGGAGGATTTGGAAATTGATTAGTACCATTAATACTAGGTGCTCCAGATATGGCTTTCCCTCGAATAAACAACATAAGATTTTGACTTTTACCCCCATCTATTACACTTTTAATTTCAAGAAGAATTGTAGAAAGTGGAGCAGGAACTGGATGAACTGTTTACCCTCCCTTATCTTCTAATATTGCTCATGGCGGAAGCTCTGTAGATTTAGCAATTTTTTCTCTTCATTTAGCTGGAATTTCTTCAATTTTAGGAGCAATTAATTTTATTACAACAATTATTAACATACGATTAAATAAATTATCATTTGATCAAATACCATTATTTGTTTGAGCTGTAGGAATTACAGCATTTTTACTCTTATTATCTTTACCAGTATTAGCTGGAGCTATTACTATATTATTAACTGATCGAAATTTAAATACATCATTTTTTGACCCTGC,1,0.014705882352941176
Hap_062,AACATTATACTTTATTTTTGGTATTTGAGCAGGAATAGTTGGAACATCTTTAAGTTTATTAATTCGAGCAGAATTAAGTAACCCAGGATCTTTAATTGGAGATGATCAAATTTATAACACTATTGTAACAGCTCATGCTTTTATTATAATTTTTTTTATAGTTATACCAATTATAATTGGAGGATTTGGAAATTGATTAGTACCATTAATACTAGGTGCTCCAGATATGGCTTTCCCTCGAATAAACAACATAAGATTTTGACTTTTACCCCCATCTATTACACTTTTAATTTCAAGAAGAATTGTAGAAAGTGGAGCAGGAACTGGATGAACTGTTTACCCTCCCTTATCTTCTAATATTGCTCATGGCGGAAGCTCTGTAGATTTAGCAATTTTTTCTCTTCATTTAGCTGGAATTTCTTCAATTTTAGGAGCAATTAATTTTATTACAACAATTATTAACATACGATTAAATAAATTATCATTTGATCAAATACCATTATTTGTTTGAGCTGTAGGAATTACAGCATTTTTACTCTTATTATCTTTACCAGTATTAGCTGGAGCTATTACTATATTATTAACTGATCGAAATTTAAATACATCATTTTTTGACCCTGCTGGAGGAGGAGATCCAATTTTATATCAACATTTATTT,1,0.014705882352941176
Hap_063,GCAGGAATAGTTGGAACATCTTTAAGTTTATTAATTCGAGCAGAATTAGGTAACCCAGGATCTTTAATTGGAGATGATCAAATTTATAACACTATTGTAACAGCTCATGCTTTTATTATAATTTTTTTTATAGTTATACCAATTATAATTGGAGGATTTGGAAATTGATTAGTACCATTAATACTAGGTGCTCCAGATATGGCTTTCCCTCGAATAAACAACATAAGATTTTGACTTTTACCCCCATCTATTACACTTTTAATTTCAAGAAGAATTGTAGAAAGTGGAGCAGGAACTGGATGAACTGTTTACCCTCCCTTATCTTCTAATATTGCTCATGGCGGAAGCTCTGTAGATTTAGCAATTTTTTCTCTTCATTTAGCTGGAATTTCTTCAATTTTAGGAGCAATTAATTTTATTACAACAATTATTAACATACGATTAAATNAATTATCATTTGATCAAATACCATTATTTGTTTGAGCTGTAGGAATTACAGCATTTTTACTCTTATTATCTTTACCAGTATTAGCTGGAGCTATTACTATATTATTAACTGATCGAAATTTAAATACATCATTTTTTGACCCTGCTGGAGGAGGAG,1,0.014705882352941176
Hap_064,GTAACCCAGGATCTTTAATTGGAGATGATCAAATTTATAACACTATTGTAACAGCTCATGCTTTTATTATAATTTTTTTTATAGTTATACCAATTATAATTGGAGGATTTGGAAATTGATTAGTACCATTAATACTAGGTGCTCCAGATATGGCTTTCCCTCGAATAAACAACATAAGATTTTGACTTTTACCCCCATCTATTACACTTTTAATTTCAAGAAGAATTGTAGAAAGTGGAGCAGGAACTGGATGAACTGTTTACCCTCCCTTATCTTCTAATATTGCTCATGGCGGAAGCTCTGTAGATTTAGCAATTTTTTCTCTTCATTTAGCTGGAATTTCTTCAATTTTAGGAGCAATTAATTTTATTACAACAATTATTAACATACGATTAAATAAATTATCATTTGATCAAATACCATTATTTGTTTGAGCTGTAGGAATTACAGCATTTTTACTCTTATTATCTTTACCAGTATTAGCTGGAGCTATTACTATATTATTAACTGATCGAAATTTAAATACATCATTTTTTGACCCTGCTGGAGGAGGAGATCCAATTTTATATCAACATTTATTT,1,0.014705882352941176
Hap_065,ATCCAGGATCTTTAATTGGAGATGATCAAATCTATAACACTATTGTAACAGCTCATGCTTTTATTATAATTTTTTTTATAGTTATACCAATTATAATTGGAGGATTTGGAAATTGATTAGTACCATTAATATTAGGTGCTCCAGATATAGCTTTCCCTCGAATAAATAACATAAGATTTTGACTTTTACCCCCATCTATTACACTTTTAATTTCAAGAAGAATTGTAGAAAGTGGAGCAGGAACTGGATGAACTGTTTATCCCCCATTATCTTCTAATATTGCCCACGGCGGAAGCTCTGTAGATTTGGCAATTTTTTCTCTTCATTTAGCTGGAATTTCTTCAATTTTAGGAGCAATTAATTTTATTACAACAATTATTAACATACGATTAAATAAACTATCATTTGATCAAATACCATTATTTGTTTGAGCTGTAGGAATTACAGCATTTTTACTCTTATTATCTTTACCAGTATTAGCTGGAGCTATTACAATACTATTAACTGATCGAAATTTAAATACATCATTTTTTGACCCTGCTGGAGGAGGAGATCCAATTTTATACCAACATTTATTT,1,0.014705882352941176
Hap_066,AATTCGAGCAGAATTAGGTAATCCAGGATCTTTAATTGGAGATGATCAAATTTATAACACTATTGTAACAGCTCATGCTTTTATTATAATTTTTTTTATAGTTATACCAATTATAATTGGAGGATTTGGAAATTGATTAGTACCATTAATATTAGGTGCTCCAGATATAGCTTTCCCTCGAATAAATAACATAAGATTTTGACTTTTACCCCCATCAATTACACTTTTAATTTCAAGAAGAATTGTAGAAAGTGGAGCAGGAACTGGATGAACTGTTTATCCCCCATTATCTTCTAATATTGCCCACGGCGGAAGCTCTGTAGATTTGGCAATTTTTTCTCTTCATTTAGCTGGAATTTCTTCAATTTTAGGAGCAATTAATTTTATTACAACAATTATTAACATACGATTAAATAAACTATCATTTGATCAAATACCATTATTTGTTTGAGCTGTAGGAATTACAGCATTTTTACTCTTATTATCTTTACCAGTATTAGCTGGAGCTATTACAATAC,1,0.014705882352941176
Hap_067,GAATAGTTGGAACATCTTTAAGTTTATTAATTCGAGCAGAATTAGGTAACCCAGGATCTTTAATTGGAGATGATCAAATTTATAACACTATTGTAACAGCTCATGCTTTTATTATAATTTTTTTTATAGTTATACCAATTATAATTGGAGGATTTGGAAATTGATTAGTACCATTAATACTAGGTGCTCCAGATATGGCTTTCCCTCGAATAAACAACATAAGATTTTGACTTTTACCCCCATCTATTACACTTTTAATTTCAAGAAGAATTGTAGAAAATGGAGCAGGAACTGGATGAACTGTTTACCCTCCCTTATCTTCTAATATTGCTCATGGCGGAAGCTCTGTAGATTTAGCAATTTTTTCTCTTCATTTAGCTGGAATTTCTTCAATTTTAGGAGCAATTAATTTTATTACAACAATTATTAACATACGATTAAATAAATTATCATTTGATCAAATACCATTATTTGTTTGAGCTGTAGGAATTACAGCATTTTTACTCTTATTATCTTTACCAGTATTAGCTGGAGCTATTACTATATTATTAACTGATCGAAATTTAAATACATCATTTTTTGACCCTGCTGGAGGAGGAG,1,0.014705882352941176
Hap_068,AGGTAACCCAGGATCTTTAATTGGAGATGATCAAATTTATAACACTATTGTAACAGCTCATGCTTTTATTATAATTTTTTTTATAGTTATACCAATTATAATTGGAGGATTTGGAAATTGATTAGTACCATTAATACTAGGTGCTCCAGATATGGCTTTCCCTCGAATAAACAACATAAGATTTTGACTTTTACCCCCATCTATTACACTTTTAATTTCAAGAAGAATTGTAGAAAGTGGAGCAGGAACTGGATGAACTGTTTACCCTCCCTTATCTTCTAATATTGCTCATGGCGGAAGCTCTGTAGATTTAGCAATTTTTTCTCTTCATTTAGCTGGAATTTCTTCAATTTTAGGAGCAATTAATTTTATTACAACAATTATTAACATACGATTAAATAAATTATCATTTGATCAAATACCATTATTTGTTTGAGCTGTAGGAATTACAGCATTTTTACTCTTATTATCTTTACCAGTATTAGCTGGAGCTATTACTATATTATTAACTGATCGAAATTTTAATACATCATTTTTTGACCCTGCTGGAGGAGGAGATCCAATTTTATATCAACATTTATTT,1,0.014705882352941176
